<?xml version="1.0"?>
<doc>
    <assembly>
        <name>SiliconStudio.Xenko.SpriteStudio.Runtime</name>
    </assembly>
    <members>
        <member name="M:SiliconStudio.Xenko.SpriteStudio.Runtime.SpriteStudioNodeTransformLink.ComputeMatrix(System.Boolean,SiliconStudio.Core.Mathematics.Matrix@)">
            <inheritdoc/>
        </member>
        <member name="P:SiliconStudio.Xenko.SpriteStudio.Runtime.SpriteStudioNodeLinkComponent.Target">
            <summary>
            Gets or sets the model which contains the hierarchy to use.
            </summary>
            <value>
            The model which contains the hierarchy to use.
            </value>
            <userdoc>The reference to the target entity to which attach the current entity. If null, parent will be used.</userdoc>
        </member>
        <member name="P:SiliconStudio.Xenko.SpriteStudio.Runtime.SpriteStudioNodeLinkComponent.NodeName">
            <summary>
            Gets or sets the name of the node.
            </summary>
            <value>
            The name of the node.
            </value>
            <userdoc>The name of node of the model of the target entity to which attach the current entity.</userdoc>
        </member>
    </members>
</doc>
